,0
0,studentvoicescount
1,immigration
2,copolitics
3,dadjoke
4,dallaspoliceshooting
5,medicare
6,uptol
7,impeachment
8,curlingiscoolfool
9,climatechange
10,shutdown utpol
11,gerrymandering
12,529day
13,tbt
14,veterans
15,cures2015
16,books
17,impeachment
18,endtheshutdown
19,healthcare
20,starbucksmayor
21,jonesact
22,speaker
23,thankateacher
24,thanks4serving
25,federaloverreach
26,immigration
27,immigration
28,wpcfdinner
29,gerrymandering
30,smallbiz
31,summerhunger
32,lawenforcementappreciationday
33,ny01phots
34,veterans
35,healthcare energy climatechange agriculture immigration
36,schoolshootings
37,opioidcrisis
38,internet infrastructure
39,utpol
40,drought
41,thanks
42,cnn
43,suicideprevention mentalhealth
44,coronavirus
45,911remembrance
46,measles
47,letlizspeak
48,teach
49,prayforsouthkorea
50,technology
51,smallbusiness
52,opioid
53,trans
54,cybersecurity
55,utpol
56,cybersecurity
57,utpol
58,watergrab
59,minitwittertownhall
60,thanksgiving
61,wecantwait
62,fiscalcliff
63,cybersecurity
64,novetalone
65,yomkippur
66,endthebacklog
67,impeachment
68,utpol
69,budget
70,utpol
71,energy
72,protectjustice
73,cyberbullying stopbullyingnow
74,neverforget
75,rice trade
76,fiscalcliff
77,jobs
78,drugtakeback
79,education
80,coronavirus
81,jobs
82,poll
83,iwouldbringback
84,betheripple
85,middleclass
86,veterans
87,neverforget
88,askcliff
89,military autism
90,ecoright
91,starwars
92,neverforget
93,golf legend
94,mentalhealth
95,utpol olympics
96,skilledtrades jobs
97,homeownership
98,trade
99,onthisday
100,ticketing
101,jobs
102,opioidepidemic
103,slowthespread
104,fighthunger
105,zorinskypreserve
106,sexualharassment
107,economy jobs
108,text4baby
109,veterans
110,transit
111,seatproblem brokenseat
112,humantrafficking
113,cellphone
114,cltwx
115,mesdelahispanidad
116,flu
117,mothersday
118,job
119,coronavirus
120,girlsinthehouse
121,healthcarereform
122,beatcancer
123,teamwork
124,healthcare
125,utpol
126,coronavirus
127,socialdistancing
128,mtpol
129,cleanair cleanwater cleansoil
130,missouristrong
131,encryption
132,coronavirus
133,coronavirus
134,opioidepidemic
135,btrsummit
136,lightitupblue autismawarenessday
137,inauguration
138,broadband
139,farmtoschool
140,letslearntogether
141,covid19
142,shutdown
143,coronavirus
144,lockdownurlogin
145,junkieroadshow
146,buthisemails
147,coronavirus
148,opioid
149,opioidepidemic
150,bipartisanship
151,veteran
152,abortion life
153,4billion4us
154,coronavirus
155,jobs
156,jobs job training economy
157,bipartisanship
158,impeachment
159,mtpol
160,veterans
161,coronavirus
162,bipartisan veterans
163,whistleblower
164,military
165,coronavirus
166,taxpayer
167,mentalhealth
168,shutdown
169,opioidcrisis
170,jerky okra jellybeans
171,opioidcrisis
172,medtech
173,coronavirus
174,filibusterreform
175,utpol
176,cleanenergy
177,healthcare
178,blackmaternalhealthweek
179,politicsoverpeople
180,faithnation
181,mtpol
182,seniorcorpsweek
183,coronavirus
184,coronavirus
185,mtpol
186,neverforget
187,utpol
188,smallbusiness
189,healthcare medicine
190,bba4jobs
191,coronavirus
192,bordercrisis
193,breastcancer
194,feintunes
195,prison inmates
196,education
197,opioidcrisis
198,impeachment
199,tbt
200,opioid 129aday
201,agday2016
202,coronavirus
203,swahappy
204,bipartisan
205,latinomuseum
206,smallbusiness
207,citizenheroes
208,horsesoring
209,firefighters
210,energy
211,tbt
212,energyefficient
213,blackhistorymonth
214,opioidcrisis
215,opioid opioidaddiction
216,almamater
217,horseshabitathumanity
218,schoolsafety healthcare
219,envirochamps
220,mayflowermarathon
221,jobs lessdrivetime
222,districtrecap
223,fakenews
224,payrollsupportprogram
225,disasteraid
226,breastcancer
227,ncpol
228,taxreform
229,utpol
230,cybersecurity
231,coronavirus
232,veterans
233,farmbill drought
234,mepolitics
235,youngleaders future education
236,immigration
237,hatsoff
238,clay2020 stl
239,nukeenterprise
240,ag
241,sschat afamedchat
242,coronavirus
243,immigration
244,tru
245,transparency
246,whistleblowers
247,type1diabetes
248,hcr repeal
249,opioid
250,shrimp
251,floodinsurance
252,mtpol
253,ussyp
254,internship
255,policeweek
256,cbg2019
257,coronavirus
258,smallbiz
259,nationalmonuments
260,selfie
261,s
262,energy
263,thankful
264,preexistingconditions
265,nationaladoptionday
266,londonattack
267,equality
268,cyberframework
269,veterans
270,p2
271,civilrights
272,smallbiz
273,climate
274,veterans
275,closetcyndilauper
276,tamest2017
277,debtlimit
278,transportation
279,youth
280,coronavirus
281,opioidepidemic
282,veterans
283,beer
284,derecho
285,kidney
286,veterans
287,utpol
288,cannabis
289,farmbill drought
290,realschoolfood
291,fyi
292,gentrification
293,coronavirus
294,sophomores graduationgoals benchmarks
295,guncontrol
296,mepolitics
297,veterans
298,coronavirus
299,downtownfresno
300,ttf
301,pabudget
302,lgbt
303,immigration
304,opioidabuse opioidawareness
305,startups
306,energy
307,oilspill
308,utpol
309,gsp
310,tech
311,smallbiz
312,mentalhealth
313,military
314,demdebate
315,sad
316,idpol
317,immigrationcrisis
318,infrastructure jobs
319,awesomeness
320,publiclands cutts
321,bwibfast
322,popquiz
323,coronavirus
324,bipartisan congressionalbaseballgame
325,ticks
326,iaflood
327,opioidcrisis
328,wildlifecrisis
329,trees
330,rural
331,hokulea
332,vets
333,cybermonday
334,coronavirus
335,coronavirus
336,hobodays
337,greyhounds
338,lcsdecisionday
339,budget
340,coronavirus
341,type1
342,cybersecurity
343,milspouse jobs
344,publiclands
345,peachpact
346,driveto245
347,privacy
348,sotu
349,smallbusiness jobs
350,400days
351,womenrock
352,shipbuilding
353,coronavirus
354,consumer
355,rockies
356,transportation
357,bipartisan
358,coronavirus
359,bipartisan
360,jobs
361,budget
362,kombucha
363,hydropower
364,tax
365,highered
366,firefixed
367,flamejetting bipartisan
368,ncaaw
369,instagram
370,cyber
371,hiringfair
372,doorsopenri
373,derecho
374,impeachment
375,fostercare
376,coronavirus
377,earmuffs
378,politicaldifferences
379,utpol
380,sotu
381,uwci100
382,veterans
383,housecal
384,utpol
385,tech
386,mnacon17
387,smallbiz smallbusinesssaturday
388,shadetree
389,derecho
390,utpol
391,smallbiz
392,motivation
393,drugpricing
394,strategy
395,woundedwarriors
396,fightthe40
397,utpol
398,colorectalcancer
399,keepingitreal
400,coronavirus
401,nationaldoctorsday
402,military
403,earmark
404,autism 1in68
405,economy t
406,cyber
407,concealedcarryreciprocity
408,sequester
409,studentloan
410,smallbiz
411,2020census
412,infrastructure transportation
413,mothersday
414,drinking waste
415,sandy
416,supermoon
417,nationalparkservicecentennial
418,landmines
419,flattenthecurve
420,debt
421,opioidcrisis
422,townhall
423,alpolitics
424,sayfie
425,happymothersday
426,abuelo
427,teacher
428,indiafest2017
429,28pages
430,immigrationreform
431,mentalhealth
432,floodinsurance
433,oregonbeer oregoncider
434,marchmadness
435,chobmnth
436,townhall
437,amtrak
438,watersafety
439,smallbiz
440,sequester
441,utpol
442,budget
443,humantrafficking
444,budget
445,utpol
446,utpol
447,omnibus
448,impeachment
449,scwx
450,taxreform
451,budget
452,utpol
453,smallbiz
454,communitybanks regrelief
455,interning
456,doughnutsndemos
457,specialneeds
458,tbt
459,utpol
460,foodallergies
461,ff
462,opioidepidemic tx29
463,veterans
464,innovationdeficit
465,smallbiz
466,edu healthcare
467,jobs smallbiz
468,homegrown
469,iwouldwalk500miles andiwouldwalk500more
470,teamwork
471,roadtoruin
472,behindthescenes
473,backtowork
474,veterans thankyou
475,taxreform
476,mepolitics
477,endmalaria
478,opioid
479,salmon jobs
480,climatechange
481,paidfamilyleave
482,blockchain
483,406living
484,28pages
485,spectrum
486,utpol
487,coronavirus
488,deregulation
489,cancer
490,nonviolence
491,utpol
492,publicsafety
493,infrastructure
494,advocacy
495,coronavirus
496,carbontax
497,opioid
498,veterans
499,gapol
500,military manufacturers
501,4work
502,immigration immigrationreform
503,utpol
504,heatwave
505,jobs
506,mateship
507,broadband
508,winning
509,debate
510,skillsgap
511,jobs
512,tbt
513,utpol
514,crowdfunding
515,summer
516,hunternation
517,mining
518,goroadrunners
519,farmcredit100
520,cleanenergy
521,utpol
522,fact
523,maduro
524,362days
525,115thcongress
526,covid19
527,utpol
528,smallbiz
529,opioidcrisis
530,digitaltrade
531,sweet16 marchmadness
532,dreamsnotdebt
533,utpol
534,veterans
535,hemp
536,utpol
537,popevisit
538,paristx firefighters firstresponders
539,thor
540,tbt
541,netneutrality
542,energy
543,whistleblowers
544,usa congress news cspanchat
545,climatechange
546,tbt
547,taxreform
548,madeinusa
549,diabetes
550,veterans
551,tech
552,mhm2018
553,savewrestling
554,immigration
555,keystonexl
556,coronavirus
557,smallbiz
558,bipartisan drugpricing
559,military jobs
560,rejectfakenews
561,tough fair willbemissed
562,border
563,childrennutrition
564,crudeoilexport
565,consumer
566,maternalmortality
567,opportunity
568,deeropener
569,tx19webinar
570,inauguration
571,census
572,themasters
573,policeweek
574,coronavirus
575,bipartisan
576,alaska ak
577,internatonalwomensday
578,mepolitics
579,freejameswiseman
580,opioid
581,utpol
582,bestnine2017
583,veteran challengecoin
584,goodstuffeatery
585,smallbiz
586,coronavirus
587,wcdgi
588,coronavirus
589,notmaga
590,climatchange
591,veterans
592,hcr
593,addiction
594,oh01 noh
595,sequestration fiscalcliff
596,tbt
597,smartcities
598,veterans
599,coronavirus
600,whatsmyname samistrong
601,copenhagen
602,highered
603,bigshow
604,alaska
605,inauguration electionshaveconsequences
606,flattenthecurve
607,winterolympics snowboarding bestofus
608,antisemitism
609,utpol
610,jobs
611,drilling
612,brcmmasters
613,cybersecurity
614,suicidepreventionday
615,ruralhealth
616,askdems dontdoublemyrate
617,neverforget
618,crudeoil
619,backtoschool
620,coronavirus
621,quake utquake utahquake
622,saveservice
623,climatechange
624,maumeeindoortheatre family
625,financialliteracy
626,mtpol
627,internetsafety
628,transportation
629,bipartisan
630,nine2noon
631,veterans
632,sayfie
633,truckdrivers
634,holiday holidaymailforheroes military
635,firefighters
636,cjreform
637,malaria
638,newsmakers
639,coalash
640,jobs
641,facebook
642,congress
643,cemeteries religious
644,live
645,s
646,riseandshine
647,immigration
648,coronavirus
649,agriculture
650,electioninterference
651,veterans
652,namesomethingawful
653,helpboblevinson
654,screentime digitalwellbeing
655,sequestration
656,service
657,sad
658,cyberterrorism
659,livinglegend
660,economy
661,oil prices
662,lawenforcement
663,jointaddress
664,utpol
665,openingday
666,downeyoceanhon
667,veterans cybersecurity
668,diabetes
669,infrastructure energy
670,veterans
671,internship
672,coronavirus
673,tbt
674,polio vaccine vaccine
675,jobsreport
676,privacy
677,nowhiteflags
678,nationalhighereducationday
679,tapsgala2014
680,apprenticeship
681,highered
682,lifegoals
683,farmlife
684,coronavirus
685,followfriday
686,all67
687,environmental
688,veterans
689,smallbiz
690,alpolitics
691,braveofficers
692,extendchip
693,humanrights
694,blizzard2016
695,omnibus
696,offshore
697,keepworking
698,ayziggy
699,coronavirus
700,istandwithakin
701,happymothersday
702,northernlights waybelowzero bwca
703,plainsight
704,jobsnow
705,bioterror bipartisan
706,opioid
707,jobs
708,veterans
709,utpol
710,utpol
711,girlscoutsrock
712,immigration
713,tax debt
714,vote
715,goldvial
716,gapol
717,sequestration
718,autism agingout
719,impeachment
720,vets
721,bipartisan
722,fintech
723,coronavirus
724,cos2013
725,gratitude
726,cd48 faa
727,flagday fathersday
728,cleanenergy
729,natsec
730,jobsreport
731,badges citizenship nation community
732,mtpol
733,criminaljusticereform
734,summit
735,cancercontrol
736,coronaviruses
737,nhpolitics
738,veterans veterans
739,tbt
740,freefile
741,smallbizsat
742,distantsocializing
743,intelsts
744,farmbill
745,ks03
746,repealobamacare
747,coronavirus
748,infrastructure jobs
749,opioidcrisis
750,coronavirus
751,humantrafficking
752,mtpol
753,honorkillings
754,mtpol
755,jobsnow
756,making
757,workharderforless
758,teletownhall
759,digitaldivide
760,coronavirus
761,childcarecosts
762,guns 2a firearms
763,jobs
764,sandy
765,digital
766,utpol
767,utpol
768,utpol
769,vets
770,utpol
771,maternalmortality
772,alsen
773,bordercrisis
774,humantrafficking
775,veterans
776,infrastructure
777,vietnamvetsday
778,smallbiz
779,cybersecurity
780,neverforget
781,presidentsday
782,txlege bipartisanship
783,utpol
784,infrastructure
785,coronavirus
786,veteran hiddenheroes
787,utpol
788,servicemembers veterans
789,techtuesday
790,artsforchange
791,mtpol
792,girlscoutsrock
793,nationalpuppyday
794,jobs
795,earmarks
796,farmbill
797,impeachment
798,skillsgap
799,schumershudown
800,classy
801,firstdayofspring
802,hcr aca
803,equalpay
804,extremism
805,utpol
806,summercamp
807,fridaysatfindlay
808,smallbiz
809,polarvortex
810,rudygiuliani
811,infrastructure
812,coronavirus
813,355ships
814,jobs
815,immigrationreform
816,veterans
817,totalsolareclipse
818,infrastructure
819,autism
820,utpol
821,twill
822,domesticviolence
823,immoral
824,raredisease
825,newspapers
826,taxreform
827,jobs
828,sas17
829,classof2015
830,jobsreport
831,veterans
832,regularorder
833,women publicservice
834,radiotownhall
835,makinghistory
836,2018congressionalartcompetition
837,bringbackourgirls
838,natladoptionday adoptiongives
839,thankateacher
840,economy
841,vote
842,coronavirus
843,soccer goal carlilloydimpression
844,hurricaneseason2020
845,hunger foodsecurity
846,browardshooting
847,coronavirus
848,veterans
849,blockchain fintech
850,futureleaders gobears
851,mepolitics
852,coronavirus
853,superindy hoosierhospitality
854,coronavirus
855,suicide
856,coronavirus
857,smallbusiness
858,college
859,makerspace
860,coronavirus
861,care4kids
862,cbg2014
863,mtpol
864,jobs
865,veterans
866,smallbiz
867,science
868,farmbill
869,womensvote100
870,otd edchat
871,roofingalliance nrca
872,drones
873,lead mold
874,mtpol
875,bipartisan
876,fall
877,coronavirus
878,paycheckprotectionprogram
879,p2
880,bats voluntaryconservation
881,centuryfarms
882,policeofficers safe
883,healthcaredebate
884,opioid
885,theatershooting
886,claycaneshow
887,tax
888,immigration
889,aviation
890,goodsamaritan jesusistheanswer
891,healthcare
892,ideas
893,selfesteem loveyourself
894,bipartisan
895,omnibus
896,congress
897,infrastructure
898,cyber
899,disability
900,manufacturing jobs
901,mlkdream50
902,opioid
903,coronavirus
904,heroin
905,utpol
906,thankyou
907,redtape
908,coronavirus
909,coronavirus
910,autism
911,rural shopsmall
912,veterans
913,alaska ak
914,job veterans
915,sayfie
916,veterans dayinhistory
917,northkoreasummit
918,coronavirus
919,derecho
920,autism
921,dialysis
922,deficit
923,counteroffer
924,ca31 sequester
925,51state
926,mtpol
927,endthedamnshutdown
928,opioid
929,utpol teachchildrentosave
930,utpol
931,pandemic
932,opioidcrisis
933,snowmaggedon2016
934,gobulldogs
935,virtualreality
936,mondaymotivation fixthedebt
937,flagday2020
938,ca31
939,roshhashana
940,jobs endinggunviolence
941,veterans
942,alpolitics
943,bipartisan
944,teacher
945,troops
946,trade
947,mtpol billings
948,ductape
949,sciencemarchdc
950,service
951,opioid
952,marijuana
953,poverty injustice
954,ccfahillday10
955,humantrafficking
956,bipartisan
957,fiscal reform
958,coronavirus givenow
959,faa
960,heroes hometownheroes
961,nuclear
962,ovariancancerawareness utpol
963,coronavirus
964,breastcancer
965,greatoutdoors
966,mtpol
967,jobs ca31
968,bipartisan
969,wemustactnow
970,shopsmall
971,alsadvocacyday
972,rocketsonthehill
973,openforbusiness
974,weworkforyou thatsagoodselfie
975,oreo
976,hcr
977,opioid
978,smallbiz
979,ut04 utpol
980,blueslip
981,hungeractionmonth
982,threats
983,takeyourbestguess likeabrokenrecord
984,halloween
985,doodle4google
986,impeachment
987,ukraine ukrainian
988,veterans
989,utpol
990,gop
991,jessiesmom
992,healthcare
993,alaska ak
994,lameduck
995,healthcare
996,shithole shithouse
997,policeaccountability
998,budget
999,hcr
1000,truthinlabeling
1001,utpol byu
1002,taxday
1003,taxreform
1004,celebrar
1005,nbrs2017
1006,911remembrance
1007,farmtour
1008,bipartisan
1009,heroinenetflix
1010,refundseason
1011,gasenate gop
1012,privacy
1013,publicpolicypublicdata
1014,takenote utpol
1015,vets
1016,corona
1017,draintheswamp
1018,tbt
1019,bipartisan immigration infrastructure
1020,socialdistancing
1021,impeachment
1022,tbt
1023,fisheriesdisaster
1024,irene
1025,gangof8 immigrationreform
1026,wral
1027,aviation
1028,tbt
1029,opioidcrisis
1030,telehealth coronavirus
1031,friday
1032,veterans
1033,fintech algorithms
1034,utpol
1035,decoded
1036,prayers
1037,chickenchampions
1038,ia03
1039,utpol
1040,pinkribbon
1041,coronavirus
1042,coronavirus
1043,veterans
1044,bipartisan selfdrivingcars
1045,coronavirus
1046,bipartisan
1047,veterans
1048,nhpolitics nh02
1049,jobs
1050,utpol
1051,bipartisanship
1052,netneutrality
1053,flashbackfriday
1054,broadband
1055,taxreform
1056,mtpol
1057,100days
1058,firefighters
1059,teachers firefighters police
1060,utpol
1061,debt
1062,retirement
1063,smallbiz
1064,utpol
1065,centenarian birthday
1066,utpol
1067,bourbon
1068,harvest18
1069,illinois200
1070,endthebacklog
1071,ripyogi
1072,bipartisan
1073,smallbiz
1074,studentloan
1075,bipartisan
1076,drones
1077,carbontax
1078,bumpstocks
1079,databrokers privacy
1080,heathcare hcr
1081,utpol
1082,townhallmeeting
1083,ca48 gop
1084,tbt
1085,freight
1086,robocalls
1087,alzforum
1088,veterans
1089,lagov
1090,goals
1091,mtpol
1092,poetryoutloud
1093,behindthebar
1094,equalpay
1095,coronavirus
1096,pregnantatwork
1097,fosteringpolicy
1098,radio
1099,postal
1100,stannswarehouse
1101,oilspill
1102,coronavirus
1103,wbfinances opendata
1104,humanrights
1105,veterans
1106,education
1107,seniors
1108,tbt
1109,tbt
1110,hobbylobby
1111,vets
1112,revolting
1113,ff
1114,solareclipse
1115,stem
1116,utpol
1117,arbitration
1118,bipartisan seniors
1119,ethics draintheswamp
1120,financialliteracy
1121,sequester
1122,coronavirus
1123,inspiring
1124,cbjazzfest
1125,impeach
1126,volunteer
1127,ethics reform
1128,countrybeforeparty
1129,sideliningscience
1130,ok05
1131,veterans
1132,rail
1133,damsafety
1134,downtownrising utpol
1135,utpol
1136,bipartisan
1137,megatron
1138,dhs
1139,snap gapol
1140,makersmark
1141,womenforwomen
1142,utpol
1143,healthcare
1144,innovation
1145,utpol
1146,natladoptionmonth
1147,gunviolence
1148,publicservice
1149,googlememo
1150,lifttheburden
1151,elijahcummimgs
1152,traveltuesday
1153,mtpol
1154,proudalumna
1155,healthcare
1156,chinacurrency
1157,blizzard
1158,nation honor
1159,jobs unemployment
1160,utpol
1161,smallbiz
1162,veterans
1163,utpol
1164,s
1165,smallbiz
1166,99countymeetings
1167,infrastructure
1168,impeachment
1169,military
1170,sotn15
1171,teamrepcurtis
1172,craftbeer
1173,vets
1174,truckdriverappreciationweek
1175,coronavirus
1176,coronavirus
1177,tbt
1178,energy
1179,illinois
1180,oralparity
1181,coronavirus
1182,coronavirus
1183,farmbill
1184,sunset
1185,healthcare
1186,webuiltthat
1187,opioidepidemic
1188,thankvets
1189,impeachment
1190,twinning
1191,southfulton
1192,interns
1193,startupday
1194,farmbill
1195,centralcoast
1196,jobs
1197,draintheswamp
1198,commencement
1199,publicsafety floodprotection
1200,horse horses horsesofinstagram horsepower wildhorse wildhorses wildhorsepc themagicofwild onaqui wild wildlife splendid_animals usinterior natgeo nature naturephotography naturelovers animals
1201,energyefficiency
1202,sequestration
1203,forestreform mtpol
1204,endalz
1205,tourism
1206,bipartisanship
1207,terrorism
1208,mentalhealth
1209,ff
1210,opioidcrisis
1211,dday75th
1212,firstdayofschool
1213,utpol
1214,sequester
1215,criminaljusticereform
1216,evidencebasedpolicy atrisk youth
1217,orumbb
1218,lobstah
1219,coronavirus
1220,shutdown
1221,failedsocialism
1222,retirement
1223,tansuit
1224,blessed
1225,coronavirus
1226,bipartisan nuclearenergy
1227,wv02
1228,syria
1229,criminaljusticereform
1230,keepingthepromise
1231,westervillestrong
1232,northkorea sanctions
1233,marchformoms
1234,cybersecurity
1235,globalhealthinitiatives
1236,smallbusiness
1237,militarychildren
1238,veterans
1239,wvflood
1240,sextrafficking
1241,mtpol
1242,happyfathersday
1243,coronavirus
1244,wpchat
1245,winning
1246,taxrefrom
1247,torture
1248,kateslaw sanctuary
1249,insidepolitics
1250,domesticviolence
1251,coronavirus
1252,mtpol
1253,coronavirus
1254,strikeoutcancer
1255,fracking
1256,rural
1257,refugees
1258,opioid heroin
1259,utpol
1260,smallbiz
1261,autism
1262,research
1263,huge
1264,cybersecurity
1265,neverforget
1266,seniors disabled
1267,tobacco21
1268,farmbill
1269,goingplaces
1270,veterans
1271,taxbill
1272,fiscalcliff
1273,coronavirus
1274,veteran
1275,lookatthedata
1276,economy
1277,gunviolence
1278,overtime
1279,coronavirus
1280,debt
1281,civility
1282,jobs
1283,talklikeapirateday
1284,specialoperationswarriorfoundation
1285,hospice construction patient
1286,alsen
1287,sequester
1288,cybersecurity
1289,smallbusiness
1290,job
1291,internship
1292,townhall
1293,goodwillonhill
1294,marijuana
1295,fixpatents
1296,jobfair
1297,opioid
1298,boehnerresigns saveperkinsnow budget
1299,baseball
1300,tbt
1301,entrepreneurship curmudgeon almostforty
1302,sxswi
1303,cybersecurity
1304,studentathletes concussions
1305,payrolltaxcut
1306,exim
1307,smallbusinesses
1308,opioidcrisis
1309,drugaddiction
1310,arctic
1311,coronavirus
1312,girlpower
1313,oklahomateacherwalkout
1314,utpol
1315,copolitics
1316,veterans
1317,shutdown
1318,votearama
1319,shutdown
1320,coronavirus
1321,opp4all fceconf14
1322,climatechange
1323,bipartisanroadtrip
1324,coronavirus
1325,nycterrorattack
1326,offthegrid
1327,2015accomplishments
1328,sandy
1329,selfie
1330,brokenbroadcasting
1331,piday
1332,coronavirus
1333,cyber
1334,jobs
1335,rio2016
1336,cybersecurity
1337,northkorea
1338,lovemyredwoods
1339,utpol
1340,cspan40
1341,jobs gas
1342,childrensmiraclenetwork
1343,kurdishamericanprotest
1344,infrastructure
1345,instagram
1346,senate
1347,climate
1348,suicideprevention
1349,subpoenasarenotoptional
1350,mentalhealth
1351,history
1352,opioidcrisis
1353,utpol
1354,veterans
1355,fixit
1356,prayforjapan
1357,apeoplesjourney
1358,worldblooddonorday
1359,minorityleader
1360,utpol
1361,earmarks
1362,cyclones
1363,tariff tariff
1364,20yearspdxroast
1365,nationalparkweek
1366,workforce
1367,mepolitics
1368,exim4jobs
1369,ttf
1370,kayagoestocongress
1371,steel
1372,2020census
1373,trainwreck
1374,impeachment
1375,internships
1376,capcon4nextgen
1377,veterans
1378,mepolitics
1379,healthcare
1380,fakenews
1381,flatstanleyfriday
1382,coronavirus
1383,flagday freedoms ideals
1384,substanceabuse
1385,opioid
1386,smallbiz
1387,shutdown
1388,shutdown
1389,nationalparks
1390,ggnra
1391,budget
1392,skeptical
1393,taxreform
1394,cybersecuritymonth
1395,coronavirus
1396,transportation
1397,smallbiz
1398,opioidepidemic
1399,coronavirus
1400,broadband
1401,homework
1402,skillsgap
1403,maplesyrup
1404,factsmatter truthmatters
1405,highwaybill
1406,petroleum
1407,menshealthmonth
1408,coronavirus
1409,amwalking
1410,winning
1411,sentencingreform
1412,education
1413,philly
1414,humantrafficking
1415,valencialeaders
1416,mining
1417,resolution obl
1418,veterans
1419,humantrafficking
1420,impeachment emoluments
1421,utpol
1422,immigrationcrisis
1423,twill
1424,teacheverygirl hr2408
1425,opioidcrisis
1426,utpol teamutah
1427,boltonbombshell
1428,jointsession
1429,oops
1430,oked
1431,labor business
1432,viewmyms02
1433,farmers
1434,sotu2endgunviolence
1435,shutdown
1436,embarrassing
1437,fighting4vets
1438,tbt
1439,cybersecurity
1440,egypt
1441,breakthestigma
1442,smallbiz
1443,antisemitism
1444,eclipse eclipse2017
1445,manufacturing
1446,fiscalcliff
1447,worldautismawarenessday
1448,wrlc
1449,happythanksgivng
1450,like_sumy_ua
1451,omnibus
1452,childtaxcredit
1453,healthcare
1454,milecloser
1455,mugglelaw
1456,99countymeet
1457,relief4mainstreet
1458,education
1459,abaflyin2017
1460,aletrail
1461,tedlasso
1462,job
1463,taxreform
1464,drowningprevention
1465,thankyoubutter thankyoubacon
1466,hugyourkidday
1467,budgetdeal
1468,bulletproofvests braveofficers
1469,hillterns
1470,tourism
1471,jobs
1472,mtpol
1473,brownfields
1474,impeachment
1475,s
1476,bladdercancer
1477,moveslikejagger
1478,transforminglives
1479,firstintexas
1480,crypto blockchain
1481,sugar
1482,economicgrowth
1483,coronavirus
1484,fakenews
1485,smallbusinesses
1486,refugees
1487,presidentsday
1488,happymothersday2017
1489,quotes inspirationalquotes
1490,limit pheasantopener2016
1491,namiwalksnh
1492,givebackthefunds
1493,fredericksburg154
1494,opioidepidemic bipartisan
1495,tbt
1496,socialsecurity
1497,shutdown
1498,netneutrality
1499,netneutrality
1500,antipoverty
1501,shutdown
1502,humantrafficking
1503,energy
1504,patent
1505,hcr
1506,smallbiz
1507,supportourvets
1508,latergram
1509,endveteransuicide
1510,txlege
1511,inlandempire redlands
1512,whosaidit
1513,noticentroalamanecer
1514,irrigation water water
1515,utpol
1516,employees businesses paidleave
1517,twill
1518,utpol
1519,gobig bchindc speaknowforkids
1520,charity service
1521,immigration
1522,utpol
1523,digitaldivide
1524,utpol
1525,jobs highwaybil
1526,speaker
1527,coronavirus
1528,waltwhitman
1529,impeachment cnn
1530,farmbill
1531,water4world
1532,firstresponders
1533,coronavirus
1534,gerrymandering
1535,women veterans
1536,students education jobs
1537,hero
1538,secondary education
1539,fraud
1540,constantcontact
1541,taxday
1542,veterans
1543,antisemitism
1544,impeachment
1545,trickortreat spooky
1546,utpol
1547,utpol
1548,wvflood
1549,sagegrouse savegrouse
1550,coronavirus
1551,endtheshutdown
1552,taxes
1553,broadband
1554,stupit
1555,blackoutuesday
1556,protest
1557,debate
1558,marijuana
1559,stayintouch
1560,maritime
1561,veteran
1562,teletownhall
1563,smallbusiness
1564,girlscoutsrock
1565,utpol
1566,crazyright
1567,federalbudget
1568,vitiligo
1569,happymothersday
1570,impeachment
1571,allinnovation
1572,jobs
1573,sequester
1574,treasury budget
1575,whatdotheydo
1576,coronavirus
1577,nurses
1578,noother
1579,puppymill dog
1580,congressionalbaseballgame
1581,women
1582,heartdisease
1583,derailment
1584,utpol
1585,utpol
1586,wmass
1587,utpol
1588,jobs teachers 1st
1589,infrastructure
1590,heathcare healthcare homehealth
1591,climate
1592,citiesandtowns
1593,coronovirus
1594,coronavirus
1595,dispatchers
1596,shutdown debtceiling
1597,dothelaundryformom
1598,budget
1599,transgender
1600,volunteer
1601,mepolitics
1602,senior
1603,coronavirus covid19
1604,utpol
1605,facebook
1606,fintech
1607,congressionalbaseball
1608,jobs trade
1609,troops
1610,volunteered
1611,healthhubs
1612,traintheforce
1613,bhss blackhillsstockshow
1614,opioidcrisis
1615,utpol
1616,oneboston
1617,vets
1618,alaska
1619,budget
1620,hepatitis
1621,bullypreventionmonth
1622,thatssocolorado
1623,readysetsucceed
1624,usoconnects
1625,charityclassic teamstripes
1626,whodat gosaints
1627,bourbon
1628,vegasshooting
1629,hcr
1630,humantrafficking
1631,utpol sciencespacetechnology
1632,mtpol
1633,ff
1634,congressionalappchallenge
1635,nine2noon
1636,veterans
1637,community
1638,border ruralcommunities
1639,veterans
1640,colorectalcancer prevention
1641,coronavirus
1642,landmines
1643,healthcare vets
1644,freespeech
1645,capitoldome
1646,traveloregon
1647,budget
1648,family
1649,veterans
1650,coronavirus
1651,pentagon
1652,policeweek
1653,jobs growth
1654,water
1655,genocide
1656,iwish howold
1657,cjreform
1658,coronavirus
1659,memo
1660,priorities
1661,trafficking
1662,whistleblower
1663,black blue blackandblue
1664,utpol
1665,wvflood
1666,99countymeeetings
1667,utpol
1668,levee
1669,coronavirus
1670,smallbiz
1671,climatechange
1672,shutdown troops
1673,boxing
1674,coronavirus
1675,advocacy
1676,fosteryouthvoices
1677,asparagus
1678,terror
1679,fiscalcliff
1680,wvflood
1681,prayforboston
1682,veterans
1683,coronavirus
1684,capitol capitolhill
1685,cybersecurity
1686,pecan
1687,coronavirus
1688,ttf
1689,gohawks
1690,firepreventionmonth
1691,trumps
1692,manufacturing
1693,brownfields
1694,russianhacking
1695,jobs exports
1696,timeismoney
1697,utpol
1698,studentathletes concussions
1699,humantrafficking
1700,fixflood
1701,mtpol
1702,taxday
1703,vaping
1704,nominate azbiz
1705,broadband
1706,coronavirus
1707,utpol
1708,disappointing
1709,mtpol
1710,cbg2015
1711,edu
1712,mtpol
1713,cobalt
1714,budget sequester
1715,dairy
1716,dhs bailreform immigrants
1717,bipartisan fiscalcliff
1718,skillsgap
1719,utpol
1720,stateoftx23
1721,ny23
1722,townhalls
1723,cyberattacks
1724,openupthewindows
1725,taxreform
1726,impeachment
1727,utpol
1728,utpol
1729,bipartisan
1730,nationallibraryweek
1731,jobs
1732,thanksmichelleobama schoollunches
1733,economy
1734,omahanation
1735,broadband
1736,jobs smallbiz
1737,humanrights democracy
1738,humantrafficking
1739,surveillance
1740,enoughisenough
1741,shutdown veterans
1742,veterans
1743,veterans
1744,farmers foodbanks hunger
1745,hoyasaxa
1746,energy water everglades beach renourishment
1747,jobs
1748,humantrafficking
1749,franklintornado
1750,internationalwomensday
1751,cybersecurity
1752,tax
1753,nuclear nukes
1754,humantrafficking
1755,endthefilibuster
1756,29palms
1757,veterans education healthcare
1758,climatechange
1759,veterans
1760,utpol
1761,roadtrip4cures
1762,repjoekennedy
1763,bipartisan taxpayerfirst retirementsavings
1764,noworneverglades roadtriptorestoration
1765,opioid
1766,wonderful
1767,governmentshutdown
1768,veterans
1769,governmentshutdown
1770,tunein
1771,servicemembers veterans
1772,teachagirl
1773,ddays
1774,education
1775,broadband
1776,taxreform
1777,investineducation jobcreation
1778,mtpol
1779,coronavirus
1780,19thamendment
1781,cranky
1782,taxfreeweekend
1783,corporatewelfare cropinsurance
1784,biotech
1785,drones
1786,hearings
1787,seniors
1788,coronavirus
1789,humanrights
1790,woman
1791,genocide
1792,families
1793,manufacturing
1794,science cybersecurity
1795,dominant
1796,oneofthechampions
1797,delhsfootball
1798,ny23
1799,hcr
1800,jobs
1801,foodsafety
1802,blockchain
1803,coronavirus
1804,suffrage100
1805,vets
1806,sports
1807,opioidepidemic
1808,independenceday
1809,smallbiz
1810,s
1811,publichealth
1812,mtpol
1813,shutdown
1814,trump democrats
1815,awesomestaff thankyou
1816,veteran
1817,utpol
1818,veterans
1819,voted vets
1820,cryptos
1821,honorflight
1822,quadsquad
1823,cg228
1824,twill
1825,allstarweekend
1826,autism
1827,totalsolareclipse
1828,eximbank
1829,keepoceansfishy
1830,veterans
1831,budget
1832,veterans
1833,80by2018
1834,bothsides
1835,pps portlandpublicschools madisonhighschool
1836,mepolitics
1837,tcot
1838,gapol
1839,homesafe
1840,mobileoffice
1841,thankateacher
1842,ayziggy ktdd
1843,studentloans
1844,celebratelife
1845,congratulations
1846,jello utpol
1847,opioidcrisis
1848,opioids
1849,impeachment
1850,immigration
1851,todayimgratefulfor
1852,20yrlow
1853,openskies
1854,opioidaddiction
1855,sequestration
1856,johnglenn
1857,veteran
1858,catsofthendaa
1859,utpol
1860,smallbiz
1861,writersguildawards
1862,nttw19
1863,gozags nationalchampionship
1864,veterans
1865,healthcare
1866,flooding
1867,jobs
1868,teachers gratitude
1869,whistleblower ukraine impeachment
1870,ebola cspanchat
1871,notdems
1872,immigration
1873,prizelinkedsavings
1874,tbt
1875,openinternet
1876,stopact
1877,mepolitics
1878,shapeyourfuture
1879,debates
1880,lsu
1881,utpol
1882,taxreform
1883,intelligencehearing
1884,alsen
1885,utpol
1886,weareparksandrec
1887,coronavirus
1888,jobs
1889,jobs cd31
1890,sbdcday
1891,mateship
1892,infrastructure
1893,smallbiz
1894,copolitics
1895,globaltrade jobs
1896,madefrompollock pollocksd southdakota
1897,craftbeer
1898,nasa
1899,shutdown default fairness
1900,readacrossamerica
1901,weather
1902,mentoringsummit2016
1903,hemp
1904,coronavirus
1905,ff
1906,teamonthefield
1907,opioid
1908,gasprices
1909,coronavirus
1910,jobs
1911,childsextrafficking
1912,baseball
1913,utpol
1914,pecans agchat
1915,cyber
1916,fyrefestival
1917,speller268 spellingbee
1918,fourcountycareercenter
1919,vets
1920,wearsunscreen
1921,smalbiz
1922,bipartisan
1923,fintech
1924,neverforget
1925,opioidepidemic
1926,ncpol
1927,cybersecurity
1928,approps
1929,s
1930,budget
1931,genocide
1932,captainamerica
1933,bipartisan twill
1934,opioidepidemic
1935,nuisanceabatement
1936,jobs
1937,longoverdue
1938,alpolitics
1939,sequester
1940,mnstatefair
1941,maple
1942,border
1943,demdebates
1944,border immigration
1945,blackhistorymonth
1946,veterans
1947,coronavirus
1948,nursinghomes
1949,dataprivacy
1950,utpol
1951,utpol mountainaccord slco
1952,counterterrorism
1953,farmtoschool
1954,utpol
1955,stopdomesticviolence
1956,mepolitics
1957,desmoines
1958,religiousfreedom
1959,opioid
1960,mpc19
1961,childhoodcancer
1962,tbt
1963,carepacks
1964,paymenttech
1965,coronavirus
1966,dataprivacy
1967,coronavirus
1968,veterans
1969,cjreform
1970,regtech
1971,coronavirus
1972,alpolitics
1973,utpol
1974,coronavirus
1975,coronavirus
1976,troops
1977,budget
1978,keepintouch
1979,bumpstocks
1980,derecho
1981,federalbudget
1982,nation
1983,obamacare
1984,coronavirus
1985,jobs
1986,jobfair
1987,bipartisan
1988,tobeincollege
1989,southwindsor
1990,coronavirus
1991,itskenners
1992,bipartisanpodcast
1993,adoption
1994,protectthezone
1995,alaska
1996,icebreakers alaska
1997,jobs
1998,worldoceansday
1999,robocalls
2000,veterans
2001,coronavirus
2002,orphancounties
2003,marijuana
2004,vets
2005,copolitics
2006,jobs
2007,vets
2008,opioidepidemic
2009,spellingbee
2010,farmbill
2011,farmbill
2012,infrastructure
2013,cawater
2014,paws4celebration
2015,bipartisan
2016,uber
2017,opioid
2018,dailyshow
2019,mtpol
2020,firstdayofspring
2021,consultingcongressday
2022,bofastudentleaders
2023,agriculture
2024,basketball
2025,taxreform farmers
2026,globalwarming
2027,heroin
2028,ny23
2029,coronavirus
2030,teamonthefield
2031,truth
2032,cyber
2033,opioidepidemic
2034,tbt
2035,builtbybonds minimuni
2036,coronavirus
2037,energy
2038,joearpaio
2039,colorado
2040,news cspanchat
2041,youdeserveit
2042,techrefresh
2043,firefighters
2044,sehablausa
2045,mtpol
2046,vetcenter
2047,coronavirus
2048,manufacturers manufactured defense mfg
2049,twill
2050,hcr
2051,healthcarereform
2052,worthy
2053,veterans
2054,refugees
2055,socialdistancing
2056,fiscalcliff
2057,natlcannafest
2058,summerofcivility
2059,jobs
2060,smallbusiness
2061,golf legend
2062,biodefense
2063,utpol
2064,utpol
2065,taxrefund
2066,natsec
2067,drinkingwater wastewater stormwater
2068,1182more
2069,jobs priorities
2070,mgmmayoraldebate
2071,vets
2072,njpoliticalpursuit
2073,mepolitics
2074,springtime
2075,vote
2076,coronavirus
2077,middleclass
2078,opioidepidemic
2079,coronavirus
2080,txlege
2081,farmworkers
2082,ifthegovernmentshutsdown
2083,sagehen
2084,broadband
2085,impeachment
2086,copolitics
2087,icebreaker
2088,earlyed
2089,coronavirus
2090,governmentshutdown
2091,shopsmall
2092,police
2093,humantrafficking compassion
2094,betterway
2095,coronavirus
2096,stopthebias
2097,utpol
2098,smallbusiness
2099,veterans
2100,healthcare
2101,fiscalcliff
2102,highered
2103,smallbiz
2104,megamillions
2105,smallbiz
2106,ak
2107,opioid
2108,community business growth service
2109,smallbiz startups
2110,approps veterans
2111,utpol
2112,veterans
2113,cyber
2114,manufacturing
2115,happybirthdaymarines
2116,minoritystalltactic
2117,lymphedema
2118,earlyed prek
2119,sb4 txlege stopsb4
2120,bipartisanship
2121,startup
2122,gocats montanastate
2123,chiefs tenvskc
2124,farmbill2018
2125,climatechange
2126,marijuana
2127,alternatefacts
2128,gonein5days
2129,natladoptionday adoptiongives
2130,utpol
2131,townhall
2132,govtshutdown
2133,utpol
2134,coronavirus
2135,domesticviolence
2136,earthquake
2137,veteran
2138,fiscalcliff
2139,txmbk16 mbksa
2140,gapol
2141,renewables
2142,farmbill
2143,copolitics
2144,marriage
2145,policereform
2146,copolitics
2147,smallbusiness
2148,copolitics transportation
2149,veterans
2150,farmbill affordablecareact unemployment
2151,veterans
2152,aviation
2153,utpol
2154,opioidcrisis
2155,opioidcrisis
2156,endalz longestday
2157,databreach cybersecurity
2158,concertsinthepark
2159,humantrafficking
2160,bipartisan
2161,frenchelection2017
2162,traumacare
2163,mining
2164,opioidcrisis
2165,letsgetitdone
2166,drone wildfires
2167,findyoupark
2168,utpol
2169,hcr
2170,easter sequester
2171,civility
2172,exxonvaldez
2173,healthcare
2174,right
2175,coronavirus
2176,skillsgap
2177,manufacturing jobs
2178,utpol
2179,fosteryouthvoices
2180,healthcare military
2181,nationalinternday
2182,coronavirus
2183,veterans
2184,jobs
2185,unemployment
2186,healthcare
2187,veterans
2188,freedomofspeech
2189,tbt
2190,cairwabanquet2017
2191,lafloods
2192,smallbiz
2193,smallbiz
2194,congrats
2195,openingday
2196,congressionalbaseball
2197,utpol
2198,entrepreneur smallbiz startup
2199,340b
2200,steelcaucus
2201,caregivers
2202,nhproud
2203,sequestration
2204,nationalentrepreneurshipweek
2205,hero
2206,healthcare
2207,trade
2208,windsorlocks
2209,twill
2210,timeisnow immigration
2211,opioidepidemic
2212,dotcomact
2213,veterans
2214,inlandempire
2215,utpol
2216,eatlocal saverestaurants
2217,radiothon
2218,wpcfdinner
2219,bioscience
2220,coronavirus
2221,coltpride
2222,wildfire mtpol
2223,serviceacademy
2224,catfish
2225,lineworkersappreciationday
2226,tax
2227,veterans
2228,houstonstrong
2229,utpol
2230,heybatterbatter
2231,ma6
2232,utpol
2233,nationalsunglassesday
2234,immigrationreform
2235,alaska ak
2236,utpol
2237,coronavirus
2238,jobs
2239,infrastructure
2240,meerkat
2241,immigrationcrisis
2242,fiscalcliff
2243,agriculture water
2244,veterans
2245,healthcare
2246,superbowl
2247,yap2016
2248,18f fedramp
2249,remember911 neverforget
2250,blessingnotburden
2251,opioids
2252,mepolitics
2253,wmata
2254,capitol
2255,saveolympicwrestling
2256,utpol
2257,coronavirus
2258,veterans
2259,water colorado
2260,immigration
2261,jobs
2262,newsletter
2263,arguments
2264,fireworks
2265,bipartisanship
2266,utpol
2267,womenshistorymonth kansashistory
2268,veterans
2269,kidsfirst
2270,coronavirus
2271,unemployment localbusinesses
2272,ncpol
2273,jobfair2019
2274,taxreform
2275,studentloan
2276,coronavirus
2277,togus150
2278,pandacam breakfasttime
2279,sotu
2280,welcomebackgabby
2281,elkjazz
2282,fostercare adoption
2283,utpol utwater
2284,smallbusiness
2285,agday
2286,bluewaternavyvietnamveteransact
2287,utpol
2288,shutdown
2289,jobseekers jobcreators
2290,veterans
2291,trade
2292,utpol
2293,workingdogs
2294,vikingdays11
2295,coronavirus
2296,fiscalcliff
2297,innovation
2298,hurricanematthew
2299,mentalhealth
2300,letsdolunch
2301,famine
2302,drones
2303,broadband
2304,globaldevelopment
2305,cop21
2306,iacaucus
2307,sextrafficking nosuchthing
2308,skywire
2309,endalz alzforum
2310,section702
2311,noasterix
2312,cybersecurity
2313,coronavirus
2314,endalzheimers
2315,taxreform
2316,ff
2317,healthcare
2318,congressionalbaseballgame
2319,antisemitism civilrights humanrights
2320,ga14eats
2321,opioidepidemic
2322,alaska
2323,firefighters
2324,mindfulness
2325,blockhuawei
2326,coronavirus
2327,prayforuk
2328,childhoodcancer
2329,hurricane
2330,infrastructure
2331,whoknew
2332,humanrights
2333,poultry
2334,childmortality
2335,veteran
2336,jobs jobs
2337,derecho
2338,askcongress
2339,veterans
2340,shopsmall
2341,nationalparks thegreatoutdoors
2342,veterans veteran
2343,classof2016
2344,veterans
2345,hireavet
2346,students
2347,returnday
2348,taxreform middleclass
2349,immigration
2350,biodefense
2351,vets
2352,jobs
2353,studentloans
2354,bipartisan
2355,nhpolitics
2356,mtpol
2357,foster foster
2358,neverforget
2359,jobs
2360,impeachment
2361,utpol
2362,obamainphilly
2363,shebelievesinme kennyrogers
2364,mtpol
2365,coronavirus
2366,coronavirus
2367,coronavirus
2368,coronavirus
2369,domesticviolence
2370,nohitter
2371,votebluewi
2372,facebookdown
2373,youthsports
2374,healthcare sequestration
2375,veterans
2376,99countymeeetings
2377,broadband
2378,vets veterans
2379,gangof8
2380,smallbusiness businessforall covid19 entrepreneurs coronavirus
2381,2020budget utpol
2382,catastrophic
2383,climatechange
2384,sugar
2385,veterans
2386,tbt
2387,coronavirus
2388,publiclands mtpol
2389,taxreform
2390,knrs
2391,immigrationreform
2392,notgoodenough
2393,addiction workforce
2394,climate utpol
2395,opioidcrisis
2396,publicpowerweek
2397,taxreform
2398,utpol
2399,ssn784
2400,postalbanking
2401,businesses economy economic investment entrepreneurship
2402,smallbusinesses
2403,coronavirus
2404,education
2405,wednesdaymotivation
2406,jobs
2407,internationalwomensday
2408,skilledtrade
2409,wiunion
2410,sequester
2411,gasprices
2412,healthcare
2413,utpol
2414,1in26
2415,opioidcrisis
2416,cybersecurity
2417,legislativegraveyard
2418,poverty
2419,infrastructure
2420,utpol
2421,ethniccleanse burma
2422,veterans
2423,unlockjustice
2424,servicemembers
2425,troopathon
2426,omnibus
2427,impeachmenttrial
2428,n4tm
2429,truth
2430,coronavirus
2431,coronavirus
2432,utpol
2433,blackouttuesday
2434,space 3dprinting
2435,paythemback
2436,mondaymotivation
2437,veterans
2438,haiku
2439,veteran
2440,communityservant
2441,space satellites
2442,veterans freedom
2443,coronavirus
2444,veterans
2445,2020census
2446,commissary
2447,coronavirus
2448,coronavirus
2449,space jobs
2450,cancersurvivors
2451,omnibus cures
2452,troutfishing
2453,coronavirus
2454,nationalschoolchoiceweek
2455,utpol
2456,energy environment
2457,healthcare
2458,oil
2459,coronavirus
2460,hiketrailsnotfees
2461,energy
2462,carbontax
2463,utpol
2464,smallbusinesswee
2465,kidney kidney
2466,veteran
2467,tech
2468,fantasysports
2469,handsoff
2470,coronavirus
2471,impeachment
2472,budget
2473,taxcuts cybersecurity
2474,veterans
2475,childwelfare
2476,28pages
2477,veterans
2478,ontheground
2479,utpol
2480,impeachment
2481,s
2482,hero
2483,openforbusiness
2484,veterans
2485,graduation congratulations
2486,veterans
2487,sayfie
2488,beyondtheredcarpet
2489,newwebsite bignews
2490,neverforget
2491,cybersecurity
2492,dcwomen
2493,cybersecurity
2494,tennis
2495,dcnphcforum15
2496,russiagate
2497,beatcancer
2498,poverty
2499,cincinnatizoo
2500,alaska
2501,globalmaternalhealth
2502,noopenlakedumping
2503,patent
2504,budget
2505,ncpol
2506,vets
2507,women
2508,babyboy
2509,family proudpapa
2510,coronavirus
2511,coronavirus
2512,ncpol
2513,hacking cybersecurity
2514,happythanksgiving
2515,smallbiz taxreform
2516,naturalization
2517,taxreform
2518,overtime
2519,opioidepidemic
2520,coranovirus
2521,privacy ecpa
2522,farmbill
2523,coronavirus
2524,takingcareofbusiness
2525,climatechange
2526,impeachment
2527,humantrafficking
2528,coronavirus
2529,healthcare
2530,outnumberedot
2531,opioid
2532,utpol
2533,freetaxprep
2534,northbayfire
2535,teamflake
2536,anccitywidecleanup
2537,ruraliscool
2538,opioids
2539,firefighters
2540,lifeskills
2541,netneutrality
2542,technologyiskey
2543,yazoobackwaterflood
2544,infrastructure
2545,utpol
2546,opioidepidemic
2547,coronavirus
2548,economicimpact
2549,coronavirus
2550,agchat
2551,opioid
2552,opioids
2553,mealsonwheels
2554,bipartisan dueprocess
2555,publichealth
2556,smallbiz
2557,opendata
2558,trivia
2559,covid
2560,infrastructure
2561,smallbiz
2562,twill
2563,jobs
2564,internet
2565,jobs
2566,privacy
2567,growwithgoogle
2568,transportation
2569,coronavirus
2570,congress latenight
2571,publicschoolproud psw19
2572,nbrs2017
2573,septastrike
2574,veterans
2575,memorialdayweekend2020
2576,ifthegovernmentshutsdown
2577,sotu
2578,education
2579,trade
2580,timefortrey
2581,childhoodcancer
2582,coronavirus
2583,coronapocalypse
2584,govtwaste
2585,coronavirus
2586,opioidcrisis
2587,blizzard
2588,milestones
2589,whenwillitend
2590,aviation aerospace
2591,takeyourbestguess likeabrokenrecord
2592,utpol
2593,generationt
2594,layitontheline
2595,heroes
2596,nationaldiabetesmonth
2597,sotu
2598,happythanksgiving
2599,coronavirus
2600,wind jobs
2601,climate cop21
2602,alaska ak
2603,utpol
2604,diabetes
2605,utpol
2606,flood
2607,taxreform
2608,coronavirus
2609,religiousfreedom
2610,nationalfootballosers
2611,gojaguars
2612,coronavirus
2613,college tuition
2614,honoringvets
2615,takebackday
2616,nationallawenforcementday
2617,creditunions
2618,bowtie summerinterns
2619,smallbusinesssaturday
2620,scammers spoofing
2621,coronavirus
2622,sotu
2623,infrastructure
2624,truth
2625,schoollunches
2626,naxolone
2627,wind solar
2628,twinning
2629,farmers
2630,rollingroundtable
2631,cancer
2632,naturalization
2633,cybersecurity
2634,impeachment
2635,1000cranes
2636,cjreform
2637,fudgetownhall
2638,freespeech disinformation
2639,magicmoney
2640,tbt
2641,highered
2642,veterans
2643,popevisit
2644,publiclands
2645,manufacturing jobs
2646,internship
2647,veterans
2648,bipartisan budget
2649,taxpayers
2650,happymothersday
2651,coronavirus
2652,smallbiz
2653,autism
2654,smallbiz shopsmall
2655,census
2656,okpol okleg
2657,opioid
2658,coronavirus
2659,insiders
2660,endtheviolencenow
2661,poverty
2662,infrastructure
2663,justice
2664,natadoptionday
2665,veterans
2666,jobs
2667,fairtrade
2668,environment
2669,beprepared
2670,breastcancer
2671,peace
2672,queenruby backpackingwithdogs
2673,transparency
2674,debtceiling
2675,justbreathe
2676,omnibus
2677,pioneer moon
2678,connectfour
2679,moon
2680,japan
2681,workers reimbursed therapy
2682,jobs
2683,computerscience csforall
2684,impeachment
2685,coronavirus
2686,woman
2687,ethics
2688,vets
2689,neverforget
2690,shutdown
2691,wah2017
2692,collegeadmissionsscandal
2693,kryptonite
2694,alert informed vigilant
2695,restorativejustice
2696,utpol
2697,cromnibus
2698,nationalpreparednessmonth
2699,openinternet
2700,rural
2701,natsec
2702,smallbiz
2703,americanwindweek
2704,veterans
2705,qualitycharters educationopportunity
2706,utpol
2707,marinecorpsbirthday
2708,mepolitics
2709,border
2710,agriculture
2711,ny23
2712,veteransday thankaveteran
2713,schoolsafety
2714,equalplayequalpay
2715,shutdown debtceiling
2716,immigrationreform fightingforfamilies
2717,smallbusinesses shopsmall
2718,smallbusiness
2719,cyber7
2720,klamathbasin
2721,winterolympics
2722,coronavirus
2723,healthcare
2724,veterans
2725,coronavirus
2726,jobs
2727,bipartisan veterans
2728,earlyed
2729,fightblight
2730,hr1779
2731,fintech
2732,aiminghigh
2733,vets
2734,civilassetforfeiture
2735,100days
2736,airlines united
2737,recovery
2738,congress
2739,cltwx
2740,manufacturing skillsgap
2741,jobs
2742,jobgrowth
2743,coronavirus
2744,rndf
2745,orpol
2746,immigration
2747,cuba
2748,copolitics
2749,civilright
2750,utpol
2751,taxreform
2752,jobs
2753,utpol
2754,covfefe
2755,district
2756,budget taxreform
2757,gapol
2758,deerseason
2759,hc09 pa
2760,firefighters
2761,mnstatefair
2762,suicide
2763,adoption
2764,sequestration
2765,ocean acidification
2766,publicpolicypublicdata
2767,thankful
2768,transportation
2769,coal healthcare
2770,nationalspouseday
2771,throwback
2772,coronavirus
2773,bus
2774,loty flh
2775,goblue4kids endchildabuse
2776,mtpol
2777,safe
2778,climatechange
2779,charlottesville
2780,healthfair naperville
2781,coronavirus
2782,veteran
2783,transgender
2784,letitsnow
2785,firstdayofschool
2786,ebola
2787,mtleg mtpol
2788,eastersunday2018
2789,specterpride
2790,compromise
2791,flattenthecurve
2792,healthcare mentalhealth
2793,firearms
2794,drugtrafficking immigration
2795,drugaddiction
2796,healthcare
2797,bitter sorelosers
2798,231days
2799,debate2016
2800,trade
2801,gameon
2802,smallbusinessweek
2803,veterans service
2804,oilspill
2805,impeachment jobs
2806,broadband
2807,hypocrisy
2808,utpol
2809,studentloans
2810,paidleave
2811,fiscalcliff
2812,seniors halloffame
2813,inclusionrevolution
2814,sfn15
2815,immigration
2816,utpol
2817,townhall
2818,justice religiousfreedom
2819,jobs
2820,prophetstownstrong
2821,bigdawgstour
2822,needajob gettowork
2823,publicpolicy publicdata
2824,texaschurchshooting
2825,climateskeptic
2826,debate
2827,iaflood
2828,poverty
2829,innovation
2830,ctot
2831,utpol
2832,cures
2833,climatechange 24hoursofreality
2834,smallbiz
2835,veterans
2836,nomoreflooding
2837,shutdown
2838,manufacturing
2839,mtpol
2840,fakenews
2841,bipartisan
2842,taxes socialsecurity
2843,spellingbee
2844,outdoordecor notmyforte
2845,veterans military
2846,neverforget
2847,stpatricksday redheads
2848,badnewsbabes cwsg10
2849,opioidepidemic
2850,coronavirus
2851,bookselling
2852,homelessness
2853,stimulusbill
2854,cac2018
2855,payitforward
2856,openforbusiness
2857,border
2858,notwar
2859,workforce
2860,education
2861,fixflood
2862,aopa2016
2863,breastcancer fightbreastcancer
2864,nailedit
2865,smallbusinesses shopsmall smallbizsat
2866,morningjoe
2867,sassymamaforautism
2868,opioidepidemic
2869,veterans
2870,lupus
2871,covid19
2872,entrepreneurs
2873,fbf
2874,blamesunspots
2875,alpolitics
2876,crockpot
2877,coronavirus
2878,jobsreport
2879,hypocrisy
2880,ryanbudget
2881,mtpol
2882,womensvote100 suffragesisters suffragents
2883,jobs
2884,datasecurity
2885,hiring jobsearch
2886,infrastructure
2887,help federal
2888,coronavirus
2889,28pages
2890,edchat
2891,opioid
2892,makerspaces
2893,budget
2894,coronavirus thankyou
2895,cancer
2896,bordercrisis
2897,mtpol
2898,cleanair cleanwater cleansoil
2899,greenbaybiz
2900,liberalhate
2901,photo
2902,iowahonorflight
2903,spiriteddebate
2904,hackwetrust datasources
2905,infrastructure
2906,ncwx
2907,utpol
2908,publichealth
2909,dividedfamilies dprk
2910,coronavirus
2911,infrastructure broadband
2912,fb
2913,climatechange
2914,tbt
2915,bordersurge
2916,cloud computing cybersecurity
2917,schoolsafety intro65
2918,budget
2919,shutdown
2920,earthquake swarm
2921,publicservice publicsafety
